{"data":[{"xs":{"x":43,"y":44.56666564941406},"ys":{"label":"A"}},{"xs":{"x":43,"y":44.56666564941406},"ys":{"label":"A"}},{"xs":{"x":43,"y":44.56666564941406},"ys":{"label":"A"}},{"xs":{"x":98,"y":50.56666564941406},"ys":{"label":"A"}},{"xs":{"x":99,"y":50.56666564941406},"ys":{"label":"A"}},{"xs":{"x":91,"y":62.56666564941406},"ys":{"label":"A"}},{"xs":{"x":84,"y":105.56666564941406},"ys":{"label":"A"}},{"xs":{"x":50,"y":103.56666564941406},"ys":{"label":"A"}},{"xs":{"x":47,"y":96.56666564941406},"ys":{"label":"A"}},{"xs":{"x":79,"y":46.56666564941406},"ys":{"label":"A"}},{"xs":{"x":101,"y":45.56666564941406},"ys":{"label":"A"}},{"xs":{"x":160,"y":45.56666564941406},"ys":{"label":"A"}},{"xs":{"x":157,"y":81.56666564941406},"ys":{"label":"A"}},{"xs":{"x":155,"y":113.56666564941406},"ys":{"label":"A"}},{"xs":{"x":123,"y":135.56666564941406},"ys":{"label":"A"}},{"xs":{"x":65,"y":135.56666564941406},"ys":{"label":"A"}},{"xs":{"x":48,"y":135.56666564941406},"ys":{"label":"A"}},{"xs":{"x":40,"y":108.56666564941406},"ys":{"label":"A"}},{"xs":{"x":65,"y":59.56666564941406},"ys":{"label":"A"}},{"xs":{"x":89,"y":57.56666564941406},"ys":{"label":"A"}},{"xs":{"x":121,"y":64.56666564941406},"ys":{"label":"A"}},{"xs":{"x":122,"y":100.56666564941406},"ys":{"label":"A"}},{"xs":{"x":120,"y":103.56666564941406},"ys":{"label":"A"}},{"xs":{"x":75,"y":99.56666564941406},"ys":{"label":"A"}},{"xs":{"x":65,"y":89.56666564941406},"ys":{"label":"A"}},{"xs":{"x":78,"y":72.56666564941406},"ys":{"label":"A"}},{"xs":{"x":94,"y":72.56666564941406},"ys":{"label":"A"}},{"xs":{"x":99,"y":91.56666564941406},"ys":{"label":"A"}},{"xs":{"x":93,"y":124.56666564941406},"ys":{"label":"A"}},{"xs":{"x":85,"y":129.56666564941406},"ys":{"label":"A"}},{"xs":{"x":59,"y":120.56666564941406},"ys":{"label":"A"}},{"xs":{"x":54,"y":112.56666564941406},"ys":{"label":"A"}},{"xs":{"x":49,"y":75.56666564941406},"ys":{"label":"A"}},{"xs":{"x":49,"y":71.56666564941406},"ys":{"label":"A"}},{"xs":{"x":67,"y":55.56666564941406},"ys":{"label":"A"}},{"xs":{"x":98,"y":47.56666564941406},"ys":{"label":"A"}},{"xs":{"x":131,"y":51.56666564941406},"ys":{"label":"A"}},{"xs":{"x":131,"y":68.56666564941406},"ys":{"label":"A"}},{"xs":{"x":130,"y":92.56666564941406},"ys":{"label":"A"}},{"xs":{"x":117,"y":129.56666564941406},"ys":{"label":"A"}},{"xs":{"x":104,"y":141.56666564941406},"ys":{"label":"A"}},{"xs":{"x":72,"y":142.56666564941406},"ys":{"label":"A"}},{"xs":{"x":51,"y":121.56666564941406},"ys":{"label":"A"}},{"xs":{"x":44,"y":59.56666564941406},"ys":{"label":"A"}},{"xs":{"x":61,"y":27.566665649414062},"ys":{"label":"A"}},{"xs":{"x":109,"y":26.566665649414062},"ys":{"label":"A"}},{"xs":{"x":123,"y":26.566665649414062},"ys":{"label":"A"}},{"xs":{"x":149,"y":50.56666564941406},"ys":{"label":"A"}},{"xs":{"x":147,"y":70.56666564941406},"ys":{"label":"A"}},{"xs":{"x":147,"y":117.56666564941406},"ys":{"label":"A"}},{"xs":{"x":137,"y":137.56666564941406},"ys":{"label":"A"}},{"xs":{"x":91,"y":150.56666564941406},"ys":{"label":"A"}},{"xs":{"x":62,"y":143.56666564941406},"ys":{"label":"A"}},{"xs":{"x":57,"y":141.56666564941406},"ys":{"label":"A"}},{"xs":{"x":29,"y":61.56666564941406},"ys":{"label":"A"}},{"xs":{"x":63,"y":34.56666564941406},"ys":{"label":"A"}},{"xs":{"x":79,"y":30.566665649414062},"ys":{"label":"A"}},{"xs":{"x":90,"y":33.56666564941406},"ys":{"label":"A"}},{"xs":{"x":258,"y":247.56666564941406},"ys":{"label":"B"}},{"xs":{"x":288,"y":235.56666564941406},"ys":{"label":"B"}},{"xs":{"x":301,"y":235.56666564941406},"ys":{"label":"B"}},{"xs":{"x":319,"y":240.56666564941406},"ys":{"label":"B"}},{"xs":{"x":319,"y":244.56666564941406},"ys":{"label":"B"}},{"xs":{"x":345,"y":292.56666564941406},"ys":{"label":"B"}},{"xs":{"x":349,"y":315.56666564941406},"ys":{"label":"B"}},{"xs":{"x":323,"y":350.56666564941406},"ys":{"label":"B"}},{"xs":{"x":313,"y":345.56666564941406},"ys":{"label":"B"}},{"xs":{"x":262,"y":344.56666564941406},"ys":{"label":"B"}},{"xs":{"x":267,"y":244.56666564941406},"ys":{"label":"B"}},{"xs":{"x":322,"y":228.56666564941406},"ys":{"label":"B"}},{"xs":{"x":345,"y":229.56666564941406},"ys":{"label":"B"}},{"xs":{"x":347,"y":239.56666564941406},"ys":{"label":"B"}},{"xs":{"x":357,"y":286.56666564941406},"ys":{"label":"B"}},{"xs":{"x":357,"y":287.56666564941406},"ys":{"label":"B"}},{"xs":{"x":352,"y":329.56666564941406},"ys":{"label":"B"}},{"xs":{"x":352,"y":330.56666564941406},"ys":{"label":"B"}},{"xs":{"x":340,"y":344.56666564941406},"ys":{"label":"B"}},{"xs":{"x":331,"y":346.56666564941406},"ys":{"label":"B"}},{"xs":{"x":280,"y":340.56666564941406},"ys":{"label":"B"}},{"xs":{"x":277,"y":340.56666564941406},"ys":{"label":"B"}},{"xs":{"x":257,"y":292.56666564941406},"ys":{"label":"B"}},{"xs":{"x":257,"y":292.56666564941406},"ys":{"label":"B"}},{"xs":{"x":257,"y":268.56666564941406},"ys":{"label":"B"}},{"xs":{"x":258,"y":266.56666564941406},"ys":{"label":"B"}},{"xs":{"x":261,"y":266.56666564941406},"ys":{"label":"B"}},{"xs":{"x":259,"y":309.56666564941406},"ys":{"label":"B"}},{"xs":{"x":259,"y":313.56666564941406},"ys":{"label":"B"}},{"xs":{"x":264,"y":334.56666564941406},"ys":{"label":"B"}},{"xs":{"x":267,"y":337.56666564941406},"ys":{"label":"B"}},{"xs":{"x":329,"y":350.56666564941406},"ys":{"label":"B"}},{"xs":{"x":345,"y":313.56666564941406},"ys":{"label":"B"}},{"xs":{"x":337,"y":298.56666564941406},"ys":{"label":"B"}},{"xs":{"x":330,"y":329.56666564941406},"ys":{"label":"B"}},{"xs":{"x":316,"y":327.56666564941406},"ys":{"label":"B"}},{"xs":{"x":303,"y":324.56666564941406},"ys":{"label":"B"}},{"xs":{"x":292,"y":315.56666564941406},"ys":{"label":"B"}},{"xs":{"x":291,"y":309.56666564941406},"ys":{"label":"B"}},{"xs":{"x":299,"y":282.56666564941406},"ys":{"label":"B"}},{"xs":{"x":342,"y":302.56666564941406},"ys":{"label":"B"}},{"xs":{"x":309,"y":295.56666564941406},"ys":{"label":"B"}},{"xs":{"x":308,"y":295.56666564941406},"ys":{"label":"B"}},{"xs":{"x":288,"y":280.56666564941406},"ys":{"label":"B"}},{"xs":{"x":288,"y":243.56666564941406},"ys":{"label":"B"}},{"xs":{"x":304,"y":252.56666564941406},"ys":{"label":"B"}},{"xs":{"x":311,"y":257.56666564941406},"ys":{"label":"B"}},{"xs":{"x":315,"y":264.56666564941406},"ys":{"label":"B"}},{"xs":{"x":329,"y":276.56666564941406},"ys":{"label":"B"}},{"xs":{"x":329,"y":276.56666564941406},"ys":{"label":"B"}},{"xs":{"x":339,"y":263.56666564941406},"ys":{"label":"B"}},{"xs":{"x":342,"y":257.56666564941406},"ys":{"label":"B"}},{"xs":{"x":355,"y":259.56666564941406},"ys":{"label":"B"}},{"xs":{"x":356,"y":261.56666564941406},"ys":{"label":"B"}},{"xs":{"x":356,"y":294.56666564941406},"ys":{"label":"B"}},{"xs":{"x":343,"y":312.56666564941406},"ys":{"label":"B"}},{"xs":{"x":318,"y":337.56666564941406},"ys":{"label":"B"}},{"xs":{"x":299,"y":350.56666564941406},"ys":{"label":"B"}},{"xs":{"x":297,"y":350.56666564941406},"ys":{"label":"B"}},{"xs":{"x":265,"y":347.56666564941406},"ys":{"label":"B"}},{"xs":{"x":227,"y":311.56666564941406},"ys":{"label":"B"}},{"xs":{"x":232,"y":292.56666564941406},"ys":{"label":"B"}},{"xs":{"x":231,"y":286.56666564941406},"ys":{"label":"B"}},{"xs":{"x":233,"y":272.56666564941406},"ys":{"label":"B"}},{"xs":{"x":255,"y":254.56666564941406},"ys":{"label":"B"}},{"xs":{"x":240,"y":297.56666564941406},"ys":{"label":"B"}},{"xs":{"x":239,"y":317.56666564941406},"ys":{"label":"B"}},{"xs":{"x":243,"y":339.56666564941406},"ys":{"label":"B"}},{"xs":{"x":252,"y":339.56666564941406},"ys":{"label":"B"}},{"xs":{"x":293,"y":307.56666564941406},"ys":{"label":"B"}},{"xs":{"x":282,"y":271.56666564941406},"ys":{"label":"B"}},{"xs":{"x":282,"y":271.56666564941406},"ys":{"label":"B"}},{"xs":{"x":282,"y":271.56666564941406},"ys":{"label":"B"}},{"xs":{"x":282,"y":303.56666564941406},"ys":{"label":"B"}},{"xs":{"x":282,"y":303.56666564941406},"ys":{"label":"B"}},{"xs":{"x":326,"y":287.56666564941406},"ys":{"label":"B"}},{"xs":{"x":322,"y":294.56666564941406},"ys":{"label":"B"}},{"xs":{"x":273,"y":281.56666564941406},"ys":{"label":"B"}}]}